Built,n,prop
3.4.1,13,0.09285714285714286
3.4.2,70,0.5
3.4.3,57,0.40714285714285714
